{"Operacija":"Laikas","Šifravimo rakto užsandarinimas":118.04802700015716,"Rezultato užšifravimas":54.71152999997139,"Failų įkėlimas":243.2257109999191,"Bendras operacijų laikas":415.98526800004765}