{"Operacija":"Laikas","Šifravimo rakto užsandarinimas":125.51878600008786,"Rezultato užšifravimas":33.748064999934286,"Failų įkėlimas":93.62993500009179,"Bendras operacijų laikas":252.89678600011393}