{"Operacija":"Laikas","Failų atsisiuntimas":799.0161129999906,"Šifravimo rakto atsandarinimas":25.43119699996896,"Failo atšifravimas":65.27260800008662,"Bendras operacijų laikas":889.7199180000462}