{"Operacija":"Laikas","Šifravimo rakto užsandarinimas":123.54767100000754,"Rezultato užšifravimas":117.8149249998387,"Failų įkėlimas":350.75435599987395,"Bendras operacijų laikas":592.1169519997202}