{"Operacija":"Laikas","Šifravimo rakto užsandarinimas":122.39966100011952,"Rezultato užšifravimas":342.7372930001002,"Failų įkėlimas":1186.5663209999911,"Bendras operacijų laikas":1651.7032750002109}