{"Operacija":"Laikas","Failų atsisiuntimas":100.63498199987225,"Šifravimo rakto atsandarinimas":17.851838999893516,"Failo atšifravimas":0.6843049998860806,"Bendras operacijų laikas":119.17112599965185}