{"Operacija":"Laikas","Failų atsisiuntimas":535.0297609998379,"Šifravimo rakto atsandarinimas":25.177596000023186,"Failo atšifravimas":51.7609020001255,"Bendras operacijų laikas":611.9682589999866}