{"Operacija":"Laikas","Šifravimo rakto užsandarinimas":120.1012440000195,"Rezultato užšifravimas":239.81448399997316,"Failų įkėlimas":632.4734680000693,"Bendras operacijų laikas":992.3891960000619}