{"Operacija":"Laikas","Šifravimo rakto užsandarinimas":228.44769500009716,"Rezultato užšifravimas":5.278041000012308,"Failų įkėlimas":29.121928999898955,"Bendras operacijų laikas":262.8476650000084}