{"Operacija":"Laikas","Šifravimo rakto užsandarinimas":123.71867199987173,"Rezultato užšifravimas":439.66785400011577,"Failų įkėlimas":1390.5060229999945,"Bendras operacijų laikas":1953.892548999982}