{"Operacija":"Laikas","Šifravimo rakto užsandarinimas":118.01802699989639,"Rezultato užšifravimas":7.223256999859586,"Failų įkėlimas":33.224961000029,"Bendras operacijų laikas":158.46624499978498}