{"Operacija":"Laikas","Failų atsisiuntimas":10.742483000038192,"Šifravimo rakto atsandarinimas":18.926946999970824,"Failo atšifravimas":0.35730299982242286,"Bendras operacijų laikas":30.026732999831438}