{"Operacija":"Laikas","Failų atsisiuntimas":125.26177400001325,"Šifravimo rakto atsandarinimas":21.152065000031143,"Failo atšifravimas":11.449589000083506,"Bendras operacijų laikas":157.8634280001279}