{"Operacija":"Laikas","Failų atsisiuntimas":151.4217779999599,"Šifravimo rakto atsandarinimas":19.38115100003779,"Failo atšifravimas":8.717968000099063,"Bendras operacijų laikas":179.52089700009674}