{"Operacija":"Laikas","Failų atsisiuntimas":489.2118039999623,"Šifravimo rakto atsandarinimas":29.40732799982652,"Failo atšifravimas":29.39892900013365,"Bendras operacijų laikas":548.0180609999225}