{"Operacija":"Laikas","Failų atsisiuntimas":236.31733800005168,"Šifravimo rakto atsandarinimas":22.751777000026777,"Failo atšifravimas":15.469819999998435,"Bendras operacijų laikas":274.5389350000769}