{"Operacija":"Laikas","Failų atsisiuntimas":11.406541000003926,"Šifravimo rakto atsandarinimas":145.15737099997932,"Failo atšifravimas":0.29683800000930205,"Bendras operacijų laikas":156.86074999999255}