{"Operacija":"Laikas","Šifravimo rakto užsandarinimas":197.82212700000036,"Rezultato užšifravimas":4.0153150000001006,"Failų įkėlimas":30.7040649999999,"Bendras operacijų laikas":232.54150700000037}