{"Operacija":"Laikas","Failų atsisiuntimas":81.60461999999825,"Šifravimo rakto atsandarinimas":20.055647999979556,"Failo atšifravimas":7.405246999987867,"Bendras operacijų laikas":109.06551499996567}