{"Operacija":"Laikas","Failų atsisiuntimas":683.6439230000251,"Šifravimo rakto atsandarinimas":28.010004999989178,"Failo atšifravimas":15.81967799999984,"Bendras operacijų laikas":727.4736060000141}