{"Operacija":"Laikas","Šifravimo rakto užsandarinimas":88.36272899998585,"Rezultato užšifravimas":274.93239000000176,"Failų įkėlimas":1191.4775369999988,"Bendras operacijų laikas":1554.7726559999865}