{"Operacija":"Laikas","Šifravimo rakto užsandarinimas":87.10672200000408,"Rezultato užšifravimas":20.644587000002502,"Failų įkėlimas":175.9912089999998,"Bendras operacijų laikas":283.7425180000064}