{"Operacija":"Laikas","Šifravimo rakto užsandarinimas":89.88590100000147,"Rezultato užšifravimas":33.26469000000361,"Failų įkėlimas":136.63072099999408,"Bendras operacijų laikas":259.78131199999916}