{"Operacija":"Laikas","Šifravimo rakto užsandarinimas":84.96387500000128,"Rezultato užšifravimas":90.79196899999806,"Failų įkėlimas":524.1604769999976,"Bendras operacijų laikas":699.916320999997}