{"Operacija":"Laikas","Failų atsisiuntimas":426.06400099996245,"Šifravimo rakto atsandarinimas":34.740033000009134,"Failo atšifravimas":31.665676999953575,"Bendras operacijų laikas":492.46971099992516}