{"Operacija":"Laikas","Failų atsisiuntimas":123.96258700004546,"Šifravimo rakto atsandarinimas":18.611366000026464,"Failo atšifravimas":8.827835999953095,"Bendras operacijų laikas":151.40178900002502}