{"Operacija":"Laikas","Failų atsisiuntimas":712.5072510000318,"Šifravimo rakto atsandarinimas":23.58766399999149,"Failo atšifravimas":56.29236000002129,"Bendras operacijų laikas":792.3872750000446}