{"Operacija":"Laikas","Failų atsisiuntimas":48.447561000008136,"Šifravimo rakto atsandarinimas":16.013241000007838,"Failo atšifravimas":0.9018629999482073,"Bendras operacijų laikas":65.36266499996418}