{"Operacija":"Laikas","Šifravimo rakto užsandarinimas":84.97164599999815,"Rezultato užšifravimas":6.0788140000004205,"Failų įkėlimas":54.85509099999763,"Bendras operacijų laikas":145.9055509999962}