{"Operacija":"Laikas","Šifravimo rakto užsandarinimas":81.79325500001141,"Rezultato užšifravimas":174.2363170000026,"Failų įkėlimas":676.1932850000012,"Bendras operacijų laikas":932.2228570000152}