{"Operacija":"Laikas","Šifravimo rakto užsandarinimas":87.39402600002359,"Rezultato užšifravimas":330.86331400001654,"Failų įkėlimas":1399.8858720000135,"Bendras operacijų laikas":1818.1432120000536}