{"Operacija":"Laikas","Failų atsisiuntimas":718.7940480000107,"Šifravimo rakto atsandarinimas":21.55712799995672,"Failo atšifravimas":63.056288999971,"Bendras operacijų laikas":803.4074649999384}